{"val_loss_step": 0.5389166474342346, "val_acc_step": 0.21875, "trainer/global_step": 113, "_timestamp": 1684281399.5640032, "_runtime": 3810.3127472400665, "_step": 144}