{"train_loss_step": 1.1765809059143066, "train_acc_step": 0.0, "epoch": 0, "trainer/global_step": 449, "_timestamp": 1684277555.232485, "_runtime": 292.9695179462433, "_step": 8, "_wandb": {"runtime": 298}}