{"train_loss_step": 0.2109539955854416, "train_acc_step": 0.3125, "epoch": 4, "trainer/global_step": 7994, "_timestamp": 1684273236.0600436, "_runtime": 1931.7271506786346, "_step": 808, "val_loss_step": 0.35675302147865295, "val_acc_step": 0.20000000298023224, "val_loss_epoch": 0.3884398937225342, "val_acc_epoch": 0.24816805124282837, "train_loss_epoch": 0.36295896768569946, "train_acc_epoch": 0.22659289836883545, "_wandb": {"runtime": 1931}}