{"train_loss_step": 0.6716658473014832, "train_acc_step": 0.0, "epoch": 4, "trainer/global_step": 7994, "_timestamp": 1684301491.645417, "_runtime": 2916.350138902664, "_step": 808, "val_loss_step": 0.7516031861305237, "val_loss_epoch": 0.7603042721748352, "val_acc": 0.016853932291269302, "train_loss_epoch": 0.8233441710472107, "train_acc_epoch": 0.0020528261084109545, "_wandb": {"runtime": 2915}}