{"train_loss_step": 0.331154465675354, "train_acc_step": 0.1875, "epoch": 4, "trainer/global_step": 7994, "_timestamp": 1684304692.1215534, "_runtime": 3190.1622874736786, "_step": 808, "val_loss_step": 0.43460264801979065, "val_loss_epoch": 0.4625047445297241, "val_acc": 0.21055202186107635, "train_loss_epoch": 0.4496460258960724, "train_acc_epoch": 0.13841912150382996, "_wandb": {"runtime": 3189}}