{"train_loss_step": 0.26569509506225586, "train_acc_step": 0.15625, "epoch": 4, "trainer/global_step": 7994, "_timestamp": 1684323559.1341774, "_runtime": 3155.0571913719177, "_step": 808, "val_loss_step": 0.31904512643814087, "val_loss_epoch": 0.42283204197883606, "val_acc": 0.244015634059906, "train_loss_epoch": 0.3932371735572815, "train_acc_epoch": 0.17965160310268402, "_wandb": {"runtime": 3149}}