{"train_loss_step": 1.7397652864456177, "train_acc_step": 0.0, "epoch": 0, "trainer/global_step": 49, "_timestamp": 1684639689.7307184, "_runtime": 41.36303448677063, "_step": 0}