train_loss_step,epoch,step
1.5166206359863281,0,49
1.112935185432434,0,99
