train_loss_step,epoch,step,train_loss_epoch
4.33266019821167,0,49,
4.871711730957031,0,99,
4.326613903045654,0,149,
4.323179721832275,0,199,
4.865672588348389,0,249,
nan,0,299,
nan,0,349,
nan,0,399,
,0,399,nan
nan,1,449,
nan,1,499,
nan,1,549,
