{"train_loss_step": 1.382378101348877, "train_acc_step": 0.0, "epoch": 0, "trainer/global_step": 49, "_timestamp": 1684639182.3306208, "_runtime": 41.840001821517944, "_step": 0, "_wandb": {"runtime": 43}}