{"train_loss_step": 0.2697092592716217, "train_acc_step": 0.15625, "epoch": 4, "trainer/global_step": 7994, "_timestamp": 1684277081.3271968, "_runtime": 3581.947961807251, "_step": 808, "val_loss_step": 0.31624892354011536, "val_acc_step": 0.23333333432674408, "val_loss_epoch": 0.4171106815338135, "val_acc_epoch": 0.23106986284255981, "train_loss_epoch": 0.3906305134296417, "train_acc_epoch": 0.19267238676548004, "_wandb": {"runtime": 3581}}