{"train_loss_step": 0.6381441950798035, "train_acc_step": 0.0625, "epoch": 4, "trainer/global_step": 7994, "_timestamp": 1684298565.698644, "_runtime": 2411.357941865921, "_step": 808, "val_loss_step": 0.48939886689186096, "val_loss_epoch": 0.5563672184944153, "val_acc": 0.10649731010198593, "train_loss_epoch": 0.5949628353118896, "train_acc_epoch": 0.04655027389526367, "_wandb": {"runtime": 2410}}