{"train_loss_step": 0.9481356739997864, "train_acc_step": 0.0, "epoch": 0, "trainer/global_step": 949, "_timestamp": 1684473890.6512578, "_runtime": 492.59077286720276, "_step": 18}