{"train_loss_step": 1.2329574823379517, "train_acc_step": 0.0, "epoch": 0, "trainer/global_step": 149, "_timestamp": 1684473471.7172267, "_runtime": 73.65674185752869, "_step": 2}