{"train_loss_step": 0.4510354697704315, "train_acc_step": 0.21875, "epoch": 4, "trainer/global_step": 7994, "_timestamp": 1684380927.0127697, "_runtime": 57355.70985579491, "_step": 808, "val_loss_step": 0.31919315457344055, "val_loss_epoch": 0.3899955749511719, "val_acc": 0.2862725853919983, "train_loss_epoch": 0.33448001742362976, "train_acc_epoch": 0.2624293863773346, "_wandb": {"runtime": 57353}}