{"train_loss_step": 0.20799799263477325, "train_acc_step": 0.34375, "epoch": 4, "trainer/global_step": 7994, "_timestamp": 1684310844.383964, "_runtime": 6127.7107100486755, "_step": 808, "val_loss_step": 0.3050529360771179, "val_loss_epoch": 0.3785102963447571, "val_acc": 0.2877381443977356, "train_loss_epoch": 0.3377520442008972, "train_acc_epoch": 0.2493499368429184, "_wandb": {"runtime": 6126}}