{"train_loss_step": 0.20094497501850128, "train_acc_step": 0.25, "epoch": 4, "trainer/global_step": 7994, "_timestamp": 1684320353.8835099, "_runtime": 9471.428917884827, "_step": 808, "val_loss_step": 0.28796786069869995, "val_loss_epoch": 0.370400071144104, "val_acc": 0.31314119696617126, "train_loss_epoch": 0.3027436435222626, "train_acc_epoch": 0.29840269684791565, "_wandb": {"runtime": 9470}}